ID,Structure
grp1_ref0,(((((((((.........)))))))))........(((((...........)))))...((((((....((((((.....(((((....)))))....))))))((((((......)))))).............))))))((((((......))))))............(.(((.((((.....)))).)))......).........
grp1_ref1,.....((((.((....)))))).....((((.((((((.((............)))))..))))))).(((((....((((((.......))))))(((((((...))))))).............))))).((.((((((((....))))))))))............(..(((((((......))))))).....).............
grp1_ref2,...............((((((.((.........)).))))))...((((..........)))).((((((.....))))..))....((((.(..((.(((...(((..............)))....))).))(((...)))............).).)))((((.....))))..............((..........))...............
grp1_ref3,......((..((((............))))..)).......((..((.....(((((..(((.(.....).)))......))))).((((.(((((...((((.((......)))))).))))))))).............)).)).((.(((..........))).)).............(((((..........)))..)).................
grp1_ref4,................((((((.....)))))).((..((((......))))..))..(((((.......((((.(((.(((((...))).))..))).))))(((...((((((........))))))..)))..............)))))((((((((...))))))))............(((((((....)))))........))...................
grp1_ref5,..((((((((((..........))))))))))....((((.(((......)))))))........((((((...((((((...((((((....))))))...))))))(((..(((((......))))).))).............))))))((((((((......)))))))).............((((((((((.....)))))).))......))...............
grp1_ref6,.......(((((((........)))))))..........((((..((....))..))))....(((((((((.....)))))))))...((.(((.......((.((..(.((((....)))))...)).)).(((((....))))).............))).))(((((((...)))))))............((.((((.((....)).)))).....)).................
grp1_ref7,.........((((((((..........................))))))))((((((((....))))))))...((((((....((((((...((((((....))))))..))))))(((((((....))))))).............))))))(((((..((((....))))...)))))............((((((((((.....))))).)))......))...............
grp1_ref8,(((....(((((((.(((((...........))))).)))))))..)))..((((((((......)))))))).....((((((....((((((...((........))...))))))((....(((((....)))))...)).............))))))((((((..((.......))))))))..............((((....((((.....))))(((((....)))))...))))........
grp1_ref9,.........((((((((...........))))))))..((((((....)))).))..............((((.(....((((((...((((((.....))))))..))))))((((((((..((......)).))))).))).............).)).))((((((.............))).))).............((..((.((((........)))).)).......))..................
grp1_ref10,........(((((((((..........................)))))))))......((((((((((..((....))..))).)))))))...((((((....((((((...((((...).)))..))))))(((((......))))).............))))))(((((...((.(((((...))))).)).....)))))............(((((((..(....)..))))).....)).............
grp1_ref11,.......((((((((((........))))))))))......(((((((((((((......)))).)))))))))...((((((....((((((..((((((((((..........))).))))))).....))))))((((((((....)))))))).............))))))(((((.((((........))))))))).............((..(((((((....)))))))......))..............
grp1_ref12,..........(((((....))))).(((((((.(....).))))))).....((((((....((((((...((....(((((((...)))))))...))...))))))(((...((((((((...........))))))))..))).............))))))((((((..(((......))))))))).............((((((...(((((....)).))).(((((....)))))...)))))).............
grp1_ref13,....(((((((((....)))))))))..............(((((((.......)))))))...((((((....((((.((.(((((...))))).))))))((...((((((.......))))))...)).............))))))(((.(((((((......))))))))))............((...(((((....)))))........))...............................................
grp1_ref14,...................((((((..(((.......))).))))))...((((.....))))((((((....))))))...((((((....((((((..(((..((((...)))).))).))))))(((.((((((....)))))).))).............))).)))(((((((((((....))).)))))))).............((((((((((....)))))))).....))...........................
grp1_ref15,...((((((((.....)))))))).........((((((......(((((....)))))))))))...((((((......(..((((..((((.....))))..)))).)((((((((......)))))))).............))))))(((((((((........)))))))).).............((((((((((....)))))))).....))...............................................
grp1_ref16,(((.....((((((((((((...........))))))))))))...)))..(((((((((....))))))))).....((((((....((((((...((........))...))))))((....(((((....)))))...)).............))))))((((((..((......))))))))..............((((......(((((((((.....)))))))))...(((((....)))))......))))........
grp1_ref17,((....))....(((((((((....))))))))).....(((.((....((((((...((...(((..(((((((((...(((....)))..))))))))).)))..))...))))))(((...((((((((.(((..(((....))))))..))))))))..))).............)))))((((((..((......)))))))).............((((((....................(((((....)))))..)))))).
grp1_ref18,...((((((........))))))...........((((((..(((.((((..................)))).))).))))))...((((((......((.((((..((((.((((....)))).))))..))))))(((((.......))))).............))))))((((((....))))))............(((((((((((.....)))))))))......))........................................
grp1_ref19,...................((((((..(((.......))).))))))...((((.....))))((((((....))))))...((((((....((((((..(((..(((((...))))).))).))))))(((.(((((.(((.....)))))))).))).............))).)))(((((((((((....))).)))))))).............((((((((........)))))).....))...................................
grp1_ref20,......(((((((..............))))))).......((((((....((((((.....(((((............)))))....))))))((.....(((((.......................)))))...)).............))))))((((((((((((((((........))))))))).))))))).............(..(((((....))))).................((((((...))))))............)...........
grp1_ref21,...................................((((((((....))))))))...........((((((..(((.((.......................)).))).))))))...((.(((......((.((((..(((.(((((......))))))))..))))))(((((........))))).............))).))((((((....))))))............(((((((((........)))))))......))........................................
grp1_ref22,..........(((((((((((....)).))))...)))))........((((((....((.((((((((.....((.((((((((........)))).))))))..)))))))).)).((((....((((((((((.((((.....))))......)))))))))).....)).))..............))))))((((............)))).............(((((..(((.(((.......)))))))))..................................................)).................
grp1_ref23,(((...)))....(((((((.(....).)))))))......(((((....((((.(...(((...............)))...).))))(((..((.((((((((......................)))))))))).....))).............)))).).((((((.....................................................................................................))))))..............((.(.(.((((......))))(.((......)).).).).))..
grp1_ref24,.........................................(((((.....)))))(((........)))..((((((....((((((..((((((.....((((.((.(((((......)))......)).)).))))))))))..))))))(((........((((..........................................)))).........))).............))))))(((((((....)))))))..............(((((((((......)))))))))..........................................
grp1_ref25,....(((((((..........)))))))...((((((((....))).))))).((((((((((.....))))))))))..(((((((....((((((....(((.....(((((((((((..((((((.(((....)))))))))..(((.(((...))).).))....)))....).))))))).(..(((((.....)))))..)..)))...))))))((...((((...(((((.....)))))..))))...)).............)))))))((((((((.(((((....))))).)))))))).............((.(.(((((....))))).)....))....
grp1_ref26,..........((((((((.........((((((..((((.....))))))))))..))))))))....((((((((......)))))))).(((((((.....)))))))..(((((((....((((((....(((......((((((((((..((((((........).)))))..((((.........))))....)))....).))))))..((...))..)))...))))))((....((((((...))))))....)).............)))))))((((((((((........)))))))))).............(((((((..((....)).)))))......))..
grp1_ref27,.....(((((.((.....................)))))))....((....(((...)))))(((((.((.(.((......)).).)))).)))..(((((((....((((((....(((.....((((((((((((..((((.(((((....)))))))))..((((((.......))))))....)))....).)))))))).((...))..)))...))))))(((..(((((.......)))))..))).............)))))))(((((((........)))))))................((((((.....))).)))...............................
grp1_ref28,.........................(((((((....................)))))))...(((((.....))).)).((((((....))))))..(((((((....((..((((....(((........(((((((((((((.((((.(((....)))))))..)).(((((((.....)))))))....)))....).)))))))...)))...))))))(((..((((...(((.....)))..))))..))).............)))))))((((((....)))))).............(...(((((....)))))..........)....................................
grp1_ref29,(((((.......)))))..(((((((....)))))))..........(((((((...((((((....((((((...(((((((((...(((((.((..((((((...)))))).))))))).)))))))))))))))...))))))(((...((((((((..............))))))))..)))..........(((((...((...........))......)))))......)))))))((((((..((((................)))))))))).............(((((((((....)))))))..(((((.(((.....))))))))..........))......................
grp1_ref30,....(((((((.........)))))))...((((((((....))))).))).((((((((((.......))))))))))..(((((((....((((((....(((.....(((((((((((..((((((.(((....)))))))))..(((.(((...))).).))....)))....).))))))).(..(((......)))..)..)))...))))))((...((((...(((((......)))))..))))...)).............)))))))(((((((((((....((((((((....))))))))))))))))))).............(..(((((((....))))))).....)...........
grp1_ref31,................((((((.......................))))))....(((.((((....))))..(((.....)))...))).(((((....)))))..(((.(((....((((((....(((......(((((((((((.((.(((((((....)))))))..))..((((((.....)))).))....)))....).)))))))...)))...))))))(((..((((((....))))))..))).............))).)))(((((((((((((....)))))))))))))..............((((((.(((....))).)))).(((.....)))....)).....................
grp1_ref32,....(((((((..........)))))))...((((((((....))).))))).(((((((((((((.....)))))))))))))..(((((((....((((((....(((.....(((((((((((..((((..(((....)))..))))..(((((((...))))).))....)))....).)))))))...............)))...))))))((...((((...((((.((((................))))..))))..))))...)).............)))))))((((((((((...........)))))))))).............((.(((((((....)))))))........))...........
grp1_ref33,...((((((((....................))))))))((((((((....)))))(((((...................))))).......))).(((((((((.......)))))))))..(((((((....((((((....(((.......(((((((((((..((((....((....))...))))..((((((.....)))).))....)))....).)))))))....)))...))))))(((..((((.(((.........))).))))..))).............)))))))(((((.((...........))))))).............(...(((((((....))).)))).............)..........
grp1_ref34,....((((((.......................))))))....((((((((....)))))(((.....)))...))).(((((....)))))..(((((((....((((((....(((......(((((((((((.((((.(((((....))))).))))..(((((((...))))).))....)))....).)))))))...)))...))))))(((...((.(((...))).))..))).............)))))))((((((((....((((.....)))).))))))))..............((((((((((....)))))))).(((.....)))...))..........................................
grp1_ref35,....................((((((.......................))))))....((((((((....)))))(((.....)))...))).(((((....)))))..(((((((....((((((....(((......((((.((((((.((((.(((((....))))).))))..((((((.....)))).))....)))....).)).))))...)))...))))))(((...((.(((...))).))..))).............)))))))((((((((.((((((...........))))))))))))))..............(((((.((((....)))).))).(((.....)))...))......................
grp1_ref36,.....((((((...................................))))))((((((((.....)))))))).((((((((((........))))))))))..(((((((....((((((....(((.....(((((((((((..((((((.(......)))))))..((.((((....)))).))....)))....).))))))).((...))..)))...))))))((...((((...(((((((((((....)))))))))))..))))...)).............)))))))((((.((((((.((.((.((...)).)).)))))))).))))..................(.((((....))))).....................
grp1_ref37,...(((((((.............)))))))...(((((((((....))))))))).((((((((((......))))))))))..(((((.((....((((((....(((.....(((((((((((..(((.(((((....))))).)))..(((.(((...)))..)))....)))....).))))))).((...))..)))...))))))(((...((((....((((...))))...))))..))).............)))))))((((((....)))))).............((..(((((....)))))((((((((....((((((....)))))).....))))))))((((((((((....)))))))))).......)).......
grp1_ref38,(.....((((.(((......)))))))...).........((((((((....))))(((((.................)))))...)))).(((((((((......)))))))))..(((((((....((((((....(((.....(((((((.(((..((((((.(((....)))))))))..((((((.....)))).))....)))......))))))).((...))..)))...))))))(((...((((...(((.(((((((((......))))))))).)))..))))..))).............)))))))(((..((((((.....))))))..)))..............(((((((((....))))))))..(((((...))))).........).
grp1_ref39,((((((((........))))))))...(((((((((.......)))).))))).(((((((((((.((.........)).)))))).)))))..(((((((....((((((....(((......(((((((((((..(((((((((....))).))))))..(((.(((....)))).))....)))....).)))))))...)))...))))))(((...((((....((((((.....))))))...))))..))).............)))))))(((((((...))))))).............((..(((((....)))))(((((.((......(((((...))))).....)).))))).(((((((((....)))))))))........)).........
grp1_ref40,....((((((((......((((..((.(((.((((....)))).))).)).....))))...))))))))(((((.(((....))).)(((..................)))..)))).((((((...))))))..(((((((....((((((....(((......((((((((((((..(((((((((....))).))))))..((((((.......))))))....)))....).))))))))...)))...))))))(((...(((...(((((....)))))..)))...))).............)))))))((((((((((((....)))))))))))).............((((((.(((....))).))))...................))........
grp1_ref41,....(((((...............((((.((((...))))..)))).........))))).(((((.((((.............))))..))))).(((((((((((...)))))))))))..(((((((....((((((.....(((......((.(((((((((..((((..(((((..((.....)))))))..))))..((((((......))))))....)))....).))))).)).....)))....))))))((...(((((((((...)))))))))...)).............)))))))((((((((((((......)))))))))))).............((((((((....))))))........((((((.....))))))......))..........
grp1_ref42,...............(((((((.................)))))))...(((((((((....))))))))).((((.((((((.......)))))).))))..(((((.((....((((((....(((.....(((((((((((..(((((((((....)))))))))..(((.((.....))..)))....)))....).))))))).((...))..)))...))))))(((...((((...(((((.....)))))..))))..))).............)))))))(((((((((....))))))))).............((..(((((....)))))(((((.((.....((((....))))......)).)))))((((((((...........)))))))).......))......
grp1_ref43,...((((((...............((((.((((...))))..)))).........))))))(((((...((((..................))))..))))).(((((((((((...)))))))))))..(((((((....((((((.....(((......(((((((.((((..((((..(((((..((.....))))))).))))..((((((......))))))....)))....)..))))))).....)))....))))))((...(((((((((...)))))))))...)).............)))))))((((((.((((((.....)))))))))))).............(.((((((....))))))....(((((.............))))).......)..........
grp1_ref44,(.....((((.(((......)))))))...).........((((((((....))))(((((.................)))))...)))).(((((((((......)))))))))..(((((((....((((((....(((.....(((((((((((..(((.(((.(((....)))))))))..((((((.....)))).))....)))....).))))))).((...))..)))...))))))(((...((((...(((.((((((.((...)).)))))).)))..))))..))).............)))))))(((..((((((.....))))))..)))...............((((((((....))))))))..(((((...)))))..............................
grp1_ref45,(.....((((.(((......)))))))...).........((((((((....))))(((((.................)))))...)))).(((((((((......)))))))))..(((((((....((((((....(((.....(((((((((((..(((.(((.(((....)))))))))..((((((.....)))).))....)))....).))))))).((...))..)))...))))))(((...((((...(((.((((((.((...)).)))))).)))..))))..))).............)))))))(((..((((((.....))))))..)))...............((((((((....))))))))..(((((...)))))..............................
grp1_ref46,(....(((.((..((((...))))......)).)))..).........((((((((.....))))(.(((.......))).)...)))).(((((((((((.((((((((....))))))))..)))))))))))..(((((((....((..((((....(((.....((((.(((((((..((((((.(((.....)))))))))..((((((.....))).)))....)))....).))).)))).((...))..)))...))))))(((...(((((...(((....)))..)))))..))).............)))))))(((..((.(((.(((...))).))).))..))).............(..((((((((....))))))))(((((.........)))))...........).
grp1_ref47,(.....((((.(((......)))))))...).........((((((((....))))(((((.................)))))...)))).(((((((((......)))))))))..(((((((....((((((....(((.....(((((((((((..(((.(((.(((....)))))))))..((((((.....)))).))....)))....).))))))).((...))..)))...))))))(((...((((...(((.(((((((((......))))))))).)))..))))..))).............)))))))(((..((((((.....))))))..)))..............(((((((((....))))))))..(((((...))))).........)....................
grp1_ref48,....((((((......(((.((.....)).)))....))))))....((((((((....))))(((.............))).......)))).(((((((....)))))))..((((.((....((((((....(((......(((((((((((.(.((((((((....)))..))).)).)..(((((((...))))).))....)))....).)))))))...)))...))))))(((...((.((((....)))).))..))).............)).))))((((((((((..(((((((....(((((.....)))))....)))))))...)))))))))).............((.(((.(((....))))))...((((((.......)))))).............))..........
grp1_ref49,................................((((((((......((((..((.(((.(((......).)).))).)).....))))...))))))))(((((((((....)))))..((((.............))))...)))).(((((....)))))..(((((((....((((((....(((......((((((((((((..((.(((((....))).)).))..((((((.......))))))..)))....).))))))))...)))...))))))(((...(((...(((.....)))..)))...))).............)))))))((((((((((....)))))))))).............((((((((((....)))))))).................)).................
grp1_ref50,....((((((.............))))))...((((((((((.....))))....))))))(((((((((...(((......)))...)))))))))..(((((((....((((((....(((..........(((((((((((.(((((((.(((....)))))).))))..(((((((....)))))))....)))....).)))))))....)))...))))))((...((((....(((((((((((......)))))))))))...))))...)).............)))))))(((((((...)))))))..............(.((((((....))))))((((((((.....((((((.....))))))......))))))))(((((((((........)))))))))........)........
grp1_ref51,....(((((((............(((((((...)))..)))).......))))))).((((..((.((((((.....)))))).))...)))).((((.(((((...))))).))))..((.((((....((((((...(((........(((..((((((((..((((..(((((...(((((((...........)))))))....))))).))))...(((((......)))))....)))....).)))).))).((((((....))))))..)))...))))))((....((.((((((....)))))).))....)).............)))).))(((((((((...))).)))))).............(..((((....)))).................................)..........
grp1_ref52,...(((((((...(((((((((((....)))))))))))........)))))))((((((((....)))))(((((....................))))).......))).(((.(((((.((..........)))).))))))..(((((((....((((((....(((.....(((((((((((..((((((.(((....)))))))))..(((.(((....)))).))....)))....).))))))).((...))..)))...))))))((...((((...(((((....)))))..))))...)).............)))))))((((((.(((....))).)))))).............((..((.(((....))))).(.(.(....).).).....))..............................
grp1_ref53,................(((((((....(((((.............)))))...)))))))((((((((....))))((.(((...................))).))......)))).((((.........))))..(((((((....((((((....(((.....(((((((((((..((((((.(((....)))))))))..(((.(((...))).).))....)))....).))))))).(..(((......)))..)..)))...))))))((...((((...(((((......)))))..))))...)).............)))))))((((((((((((.......))).)).))))))).............((((((((((....))))))))......))................................
grp1_ref54,...............(((((((((.............)))))))))...((((((((((......)))))))))).(((((((((((.((.......)).)))))))).)))..(((((.(....((((((....(((.......(((.((((((((..(((((((((....)))))))))..(((.....)))....)))....).)))))))......)))...)).))))((...((((...((((((((.......))))))))..))))...)).............).))))).(((((((....)))))))..............((...(((((....)))))(((((((....((((......))))....))))))).((((((((((....)))))))))).........))........................
grp1_ref55,....(((((((........(((((......))))).............))))))).(((((((((((...............))))).)))))).(((...((((.....)))))))..(((((((....((((((....(((.........(((((((((((..((((..(((((((((((((........))))...))))).)))).))))..((((((.......))))))....)))....).))))).))....(((((.....)))))....)))...))))))((...((((((....))))))...)).............)))))))((((.((((((......))).))))))).............(((((((((((.....))))))))).................................))..........
grp1_ref56,............................................((((((...........................))))))....(((.((((....))))...........................))).(((((((...)))))))..(((((((....((((((....(((......((((((((((((..((((((.(((....)))))))))..(((((.......))).))....)))....).))))))))...)))...))))))(((...((((...(((((....)))))..))))..))).............)))))))(((((((((((((...))))))).))))))..............(.((((.((....)).))))......................)...........................
grp1_ref57,................(((((((...............................)))))))(((((((((......))))))))).((((..................................................))))..(((((((...((((((....(((.......(((((((((((..(((((((.(......).)))))))...((((....)))).....)))....).)))))))....)))...))))))(((...((((......(((....))).......))))..))).............)))))))(((((((((....)))))))))..............((.(((((....)))))(((((((....((((.......))))....)))))))............))...................
grp1_ref58,...............(((((((((..............)))))))))...((((((((((......)))))))))).(((((((((((.((.......)).))))))).))))..(((((.(....((((((....(((.......(((.((((((((..(((((((((....)))))))))..(((.....)))....)))....).)))))))......)))...)).))))((...((((...((((((((....))))))))..))))...)).............).))))).(((((((((....)))))))))..............((...(((((....)))))(((((((....((((......))))....))))))).((((((((.((....)).)))))))).........))........................
grp1_ref59,...............(((((((((..............)))))))))...((((((((((......)))))))))).(((((((((((.((.......)).))))))).))))..(((((.(....((((((....(((.......(((.((((((((..(((((((((....)))))))))..(((.....)))....)))....).)))))))......)))...)).))))((...((((...((((((((....))))))))..))))...)).............).))))).(((((((((....)))))))))..............((...(((((....)))))(((((((....((((......))))....))))))).((((((((.((....)).)))))))).........))........................
grp1_ref60,...............(((((((((..............)))))))))...((((((((((......)))))))))).(((((((((((.((.......)).))))))).))))..(((((.(....((((((....(((.......(((.((((((((..(((((((((....)))))))))..(((.....)))....)))....).)))))))......)))...)).))))((...((((...((((((((....))))))))..))))...)).............).))))).(((((((((....)))))))))..............((...(((((....)))))(((((((.....(((......))).....))))))).((((((((.((....)).)))))))).........))........................
grp1_ref61,.....((((((......................................................))))))((((((((.....)))))))).(((((..........................................)))))..(((((((....((((((....(((.....(((.((((((((..((((((.(......)))))))..((.((((....)))).))....)))....).))))))).((...))..)))...))))))((...((((...(((.......((((((((.......))))))))........)))..))))...)).............)))))))((((.((((((.((.((.((...)).)).)))))))).))))..................(.((((....))))).....................
grp1_ref62,............((((((...................))))))((((((((((((((((.............)))))))).......)))))))).((((.((((((((............)))))))).))))..(((((((....((((((...(((......(((((((((((..(((((((((....)))))))))..(((.....)))..)))....).))))))).((...))..)))...))))))(((...((((....(((((((((....)))))))))...))))..))).............)))))))((((((((.(((....))).))))))))..............((..((((....)))).(((((((.....(((((...)))))....)))))))((((((((....))))))))......)).................
grp1_ref63,.....((((((((......((((.(((.((..................)).)))..))))...))))))))((((((((...))))((((((..................)))))).....)))).(((((((...(((((.....))))).)))))))..(((((((....((((((....(((......(((((((((((.((((((((((....)))).)))).))..(((((.......))).))....)))....).)))))))...)))...))))))(((...(((....((((((...........))))))...)).)..))).............)))))))((((((((.....)))))))).............((((((..((....))..))))..((((...(((.((((........)))))))..))))((((....))))......))..
grp1_ref64,................(((((((.......)))))))....(((((((((.....))))....))))).((((.(((((((.....))))..))).))))..(((((((....((((((....(((.......(((((((((((.((((((.(((....))).)).))))..(((.(((....))).)))....)))....).)))))))....)))...))))))((...((((...((((((....))))))..))))...)).............)))))))((((((((((...))).))))))).............((..(((((....)))))((((((((.....(((((.....)))))......))))))))(((((((((((.(((.((((((....))))))....))).))))........................)))).))).......)).........
grp1_ref65,............((((((..................))))))((((((((((((((((............................)))))))).........)))))))).(((((((((((.............))))))).))))..(((((((....((((((....((......(((((((((((..(((..((((....))))..)))..((((.....))))..)))....).))))).))..........))....))))))((....((((....(((.....)))...))))...)).............))))))).((((.((((.....)))).))))..............(....((((....))))..((((..............))))...(((((.........................)))))..............).................
grp1_ref66,....((((((((.....((((((........(((((.....))))).......))))))))))))))((((.(.((....)).)((((((............(((((....))))).......)))))).....)))).(((((.....)))))..(((((((....((((((....(((......((((((((((((..((((((.(((....)))))))))..(((((.(....).)))))....)))....).)))))))).(..(((((((......)))))))..)..)))...))))))((...((((....((((((((((...))))))))))..))))...)).............)))))))(((((((((.....))))))))).............((..((((((....))))))...................))..............................
grp1_ref67,..........((((((......................))))))....((..((((....))))((.((((((.(((((((...((....))..)))..)))).))))))..)))).((...((((((.(((....)))))))))...))..(((((((....((((((....(((......((((((.((((..((((((..((....)).))))))..((.((((....)))).))....)))....)..))))))..((...))..)))...)))))).((...((((....(((((.(((((....))))).)).)))...))))..))..............)))))))((((((((((....))))))))))..............((.(((.(.(..(((((((...)))))))..).).)))..(((....)))(((((((((...)))))))))...))............
grp1_ref68,(((...)))....(((((((.(....).)))))))......(((((.....(((.(...(((.............)))...).))).(((...((((........................................))))..))).............))))).((((((...................................................................................................................................................................................................................................................................))))))..............((.(((.((((......)))).((((...))))...))).))..
grp1_ref69,................((((((((.....((((((........(((((.....))))).......))))))))))))))(((((((((....)))))((((((............(((((....))))).......)))))).....)))).(((((.....)))))..(((((((....((((((....(((......((((((((((((..((((((.(((....)))))))))..(((((.(....).)))))....)))....).)))))))).(..(((((((......)))))))..)..)))...))))))((...((((....((((((((((...))))))))))..))))...)).............)))))))(((((((((.....))))))))).............((..((((((....))))))...................))..........................................
grp1_ref70,..............................................(((((((((..............)))))))))...((((((((((......)))))))))).(((((((((((.((.......)).))))))).))))..(((((.(....((((((....(((.......(((.((((((((..(((((((((....)))))))))..(((.....)))....)))....).)))))))......)))...)).))))((...((((...((((((((.....))))))))..))))...)).............).))))).(((((((.....)))))))..............((...(((((....)))))(((((((....((((......))))....))))))).((((((((.((((((....)))))).)))))))).........))..........................................
grp1_ref71,..............................................(((((((((..............)))))))))...((((((((((......)))))))))).(((((((((((.((.......)).))))))).))))..(((((.(....((((((....(((.......(((.((((((((..(((((((((....)))))))))..(((.....)))....)))....).)))))))......)))...)).))))((...((((...((((((((.....))))))))..))))...)).............).))))).(((((((.....)))))))..............((...(((((....)))))(((((((....((((......))))....))))))).((((((((.((((((....)))))).)))))))).........))..........................................
grp1_ref72,........((((((...))))))..((((((.(....).)))))).......(((((....((((.(...(((.............)))...).))))(((..((((..((((((.........(((((........)))))....)))))))))).))).............))))).((((((..((.((.(...).))..(((((((((...........................................................................................................................................................................)))))))))..))))))))..............((.(((.(((((....)))))(.((......)).).))).))....................................................
grp1_ref73,....((((((((((......(((.....((((.((((...(((....(((((((((...)))))))))......)))..)))).))))...)))....)))))))))).((((.(((((((((..........)))))))).).)))).((((.(((((....))))).))))...((((((....((((((....(.(..........(((..((((((((..((((.(.(((((...((((..((((((.....))))))..)))).....)))))).))))..((..(....)..)).....)))....).))))))).....).)...)))))).((..((((...(((((.(((((....)))))....)))))..))))..))..............)))))).(((((((((((.....)))))).))))).............(....(((..((..(((.....)))..))..))).(((.(....).)))........).........
grp1_ref74,....(((((((.....(((((......(((...(((....)))...))))))))...)))))))((((((((....)))))((((.............................................))))........))).((((((.((((.....)))).))))))..(((((((....((((((....(((......((((((((((((..((((((.(((....)))))))))..(((.(((....)))).))....)))....).)))))))).(...(((((((((((...(((((....)))))..)))))).)))))...)..)))...))))))((...((((...((((((((.....))))).)))..))))...)).............)))))))(((((((((((((.....)))).))))))))).............((((((((((....))))))))..............))..............................
grp1_ref75,........(((((((........)))))))((((((((((((((....((((.(((((((((((...)))))))))))..))))..))))))))))))))....(((((.........)))))....((.(((.....((((((....(((.....((((((((((((((.(((((((.....))))))))))....((((.((......))))))....)))....).))))))).(((((((..........................)))))))....)))...))))))(((...((((((.....))))))..)))..............))).))(((....)))..............((.(.(((((....))))))((((((((((.....(((((......)))))....))))))))))............................................................................))..................
grp1_ref76,.................................((((((...)))))).(((((((.(....).))))))).....((((((.....(((((...(((..............)))...))))).(((..((((..(((..............................)))..)))).))).............))))))((((((..............................................................................................................................................................................................................................................................))))))..............((((((.(((........))).((((....))))..))))))............................
grp1_ref77,(((...))).....((((((.(....).)))))).......(((((....((((.(...(((.............)))...).))))(((..((((.((((((............(((((((....)))))))....)))))))))).))).............))))).((((((..((....................................................................................................................................................................................................................................................................................................................))))))))..............((.(((.(((((....)))))(.((......)).).))).))..
grp1_ref78,(((...))).....((((((.(....).)))))).......(((((....((((.(...(((.............)))...).))))(((..((((.((((((............(((((((....)))))))....)))))))))).))).............))))).((((((..((....................................................................................................................................................................................................................................................................................................................))))))))..............((.(((.(((((....)))))(.((......)).).))).))..
grp1_ref79,(((...))).....((((((.(....).)))))).......(((((....((((.(...(((.............)))...).))))(((..((((.((((((............(((((((....)))))))....)))))))))).))).............))))).((((((..((....................................................................................................................................................................................................................................................................................................................))))))))..............((.(((.(((((....)))))..((......))...))).))..
grp1_ref80,(((...))).....((((((.(....).)))))).......(((((....((((.(...(((.............)))...).))))(((..((((.((((((............(((((((....)))))))....)))))))))).))).............))))).((((((..((....................................................................................................................................................................................................................................................................................................................))))))))..............((.(((.(((((....)))))(.((......)).).))).))..
grp1_ref81,................................................(((((((........)))))))......((((((....((((((...((((...(((.(((((((...((((((.....((((((((..(((...(((((.(((((.(((((((((.(((((((.......)).))))).)))))).)))..)))))......)))))))).)))))))).....)))))).....))))))))))((((((((((((.((((....)))).))))......))))))))..........))))...))))))(((...((((((..(((((..((((((((...........))))))))........)))))))))))...))).............))))))(((((..((((..((((((......))))))..))))..)))))............(...(((((((.............)))))))(((((.............)))))....)...........................
grp1_ref82,..........(((((((...........)))))))((((((((((((((....((((.(((((((((((...))))))......)))))..))))...))))))))))))))....(((((.........)))))....(((((.....((((((....(((.....((((((((((((((.(((((((.....))))))))))....((((.((......))))))....)))....).))))))).(((((((............................)))))))....)))...))))))(((...((((((.....))))))..)))..............))).))(((....)))..............((.(.(((((....))))))((((((((((.....(((((......)))))....)))))))))).........................................................................................))......................
grp1_ref83,...............(((((((.......................................)))))))................................................................................................................................((((((.....((.((((....(((.......((((((((((((((.((((((....)))..((((((....)))))).))))))....((((((......))))))....)))....).)))))))....)))...))))))(((...(((....((((((.((((....))))...))))))....)))..)))..............))))))(((....)))..............((...((((....)))).(((((((.......(((((((...)))))))......))))))).((((((................))))))........))........................
grp1_ref84,....((((((.................((((.....))))...............))))))((((((((....)))))(((((.......................)))))........))).((((((((.........))))))))..(((((((....((((((....(((.....(((((((((((..(((((.((((....)))))))))..(((.(((....)))).))....)))....).))))))).((...))..)))...))))))((...((((...((((.(((((((((((((...((((((..........)).))))....................((((...((((((........))))))...)))).................)))))..)))))))).))))..))))...)).............)))))))((((((((.(((((....)))))..)))))))).............(((((((((....)))))))((((((....))))))....))..............................
grp1_ref85,...................(((((.....))))).(((((((.(....).)))))))......(((((....((((.(...(((................)))...).))))(((..(((((.(((((.(((............))).)))))..))))).))).............))))).((((((................................................................................................................................................................................................................................................................................))))))..............((.(((.((((......))))(.((......)).).))).))....................................................
grp1_ref86,...((((((((............................................))))))))((((.(.(....).).((((....................................)))).......)))).(((((((.........)))))))..(((((((....((((((....(((......((((((((((..((((((..(((....)))))))))..(((((.......))).))....)))....).)))))).(....((((((((((.............................((((((.((((......(((((...)))))..))))))))))...........................))))))))))...).)))...))))))((...((((((.(((..((((((........)))))).)))))))))...)).............)))))))(((((((((.....))))))))).............((((((((((....)))))))).......((((((....((((........)))).....))))))..........))..........
grp1_ref87,....(((((((...................................................................)))))))...................................................................................................................................((((((.....((.((((....(((((((((((((....)))))))))......((((((((((((((.((((((....)))..((((((....)))))).))))))....((((((......))))))....)))....).)))))))..))))...))))))(((...(((...((((((.((((((.((((.........)))).))))))))))))...)))..)))..............))))))(((....)))..............((.(.((((....)))))(((((((......((((.........))))......))))))).(((((......)))))........))..........................
grp1_ref88,.(((((...)))))...((((((....)))))).......((((((....((((((....(((.....)))...))))))((....((((......................................................................................................................................................................................................................................................................................................................................................................))))...))..........(((....)))...(((((....))))).....))))))((((((...)))))).............(.(((((((....)))))))..((((......)))).(((((((..........))))))).......).....
grp1_ref89,......................................(((((((.....)))))))((((((.(....).))))))........(((((((...((((((....((((.......(((((.....((((((((((..(((((((((..............))))))).)))))))))))).....))))).))))...))))))(((...((((((((...........))))))))..)))..........(((((...((.......))......)))))......)))))))(((((...((((((..........................................................................................................................................................................))))))..))))).............(((((((((....)))))))..(((((((........)))))))............))...............................................
grp1_ref90,................................................((((((..........((((((((((((...(((((.(((((((((((((......(((((((((((((((((((((((((((.......)))))))..))))))))))))..))))))))...)))))).))).))))..))..)))(((((((........(((((((.((((.....)))))))))))))))))))).)))))).))))....))))))....((((((....))))))........(((((....((((((...(((........(((((((((.((((((..((((((.((((......(((((((....)))))))....(((((((((((((....))))))))))))).)))).))))))..))))))))....))))))).....)))...))))))(((..((((((((((((((((....)))))).....))))))))))))).............)))))((((((........((((((.......)))))).))))))............((.(((((((....)))))))......)).....
grp1_ref91,..................(((((((((...((((.(((((((((((((............................................................................................................................................................................................................................................................))))))))))))))).))....)))))))))......(((((....((((((....(((....(((((((((((((((.......................................))))).....))))))).))))))...))))))((((((............)))))).............)))))..((((((.....))))))............((..(((((..(((((..((((.......))))..))))))))))...))..................................................
grp1_ref92,...........................................(.(((((((..........))))))).).(((((................))))).((((..(((((..(((((((((((....)))).........)))))))((((((((.(((.(((....)))))))))))))).)))))))))..((((.(((...((((((...((((..(((((....))))).))))...))))))(((..((((((......)))))).))).............)))))))(((((((((....)))))))))..............((..(((((.....)))))(((((((((...(((.......)))...)))))))))((((((((((((....)))))).))))))....................................................................................................................................................................................))...........................................
grp1_ref93,.....................((((.((.(((((((.......)))))..)))).)))).(((((((....((((((....(((.....(((((((((((..(((((((.(....).))))).))..((((.........))))....)))....).))))))).(..((....))..)..)))...)).))))(((....(((((((((.................))))).))))....))).............)))))))(((((((.......)))))))..............((.((((((....))))))............................................................................................................................................................................................................................................................................................................))..........................
grp1_ref94,...................................................((((.((((((((((...)))))))).)).))))...(((((((....((((((....(((.....(((((((((((..(((((((((....))))))).))..((((.........))))....)))....).))))))).(.(((....))).)..)))...)).))))(((....((((((((...........))))))))....))).............)))))))(((((((................)))))))..............((.((((((....))))))....................................................................................................................................................................................................................................................................................................................)).......................
grp1_ref95,...............................(((((((((.....))))))))).....((((((....((((((....(((.((....((((((((((((.(((((((....))))))))))).....))))))))...)).)))...))))))(((....((((((((((.......((((......((((((...)))))).....))))....))))..))))))..))).............))))))((((((((.................................................................................................................................................................................................................................................................................................................................................................................................))))))))............((((((((((....)))))))).....)).........................................
