ID,Structure,Sequence
50,.....((((.(((((....))....))).(((....))).)).))....((((.(((....)...)).(((....))).))..))....................,CUAAGGACCACCCGGGAAACCAUAAGGGGCGAGAAAUCGAGGAUCAACAGCGCAGGGAAAACGAACCAUCCGAAAGGAAGCAAGCAAAAAAAGAAAAAAAAAAAA
52,.((......((......))......((......((......))......((......))......))......)).....,AGCAACAAAGCGAAAAAGCAAAAAACCAACUAACGGAAAUACGGAAAAAGCGAAAAAGCAAAAACGGGAAGAAGCACAAA
57,((.(..(.(....).(....).)..).(....).)),CCGUAACACAAAAGAGGAAACUGGGAUCGAAAGAGG
60,.....((((.(...(.((((.(.((((.((.((((.((.(((....))).).)))))).)))))....).)))).)...).))))....................,AAAAAGACAGGUAACGAGUGGCGGUGUACCGACGGAGUGCGUGAAAACGGGUCCCGUGUGACGCGAAAGGUACUGGAAUCGUGUCGAAAAAAAAAAGAAAAAAAA
61,.....((.((.((...)).((...))...)))).((.((.((...)).((...))...)))).....,CACACGCACUACAAAAUGUCCAAAGGAAAAGGCACCACCAGCAAAGCACCAAAGGUAAGGGGAAAAG
67,......(.........((((.....)))).........)......................,AUAAGCGGUAAAAAAAGUGCGAAAAGCAUGAAAAAAAACAGAAAAAAAAAAAAAAAAAAAA
68,((((....).))).((((....).))).((((....).))).((((....).))).((((....).))).((((....).))).((((((((((((((((((((((...)))).))))))).(((((..((((((((((..(((((((...))))))).))))))))))((((.((((((...)))))))))))))))...))))))))))).((((....).))).((((....).))).((((....).))).((((....).))).((((....).))),AUACAAAAGAUAUAGCACGAAAGUUGCAGCCCGAAAGUGGUAUCCCGAAAGUGGAAGUCCGAAAGAGACGAGCCGAAAGAGCUAUGGGCUCCGGGCUCGUCGGUCGAAACGACGCGACGAGAACGGCAAUGAGCCGAGUGGGAAAUCCAAAGGAUUUCAACUCGGCUCAGCACAUCGCGCAAAGCGCGAGUGCGCCGUAAUCUCGGAGCCCAAUGACGAAAGAUCAAGUCCAAAAGAGACAGACCGAAAGAGUCAGGACGAAAGAUCCCGGCCGAAAGAGCC
72,..((((((((.......(.((((((....)))))).(((((((....))))))).).......))))))))..,GAUAUUCUCUGAAAGAACGGGAAGGAAAACCUUUCAGCGGAAGGAAAUUUCCGCGGGAAAAAAGGAGGAUAAA
78,(..(((..((((..((....((..((((....))....))..))))..))....))..))((..((..((..((((..((....((..((((..((....((....))))..))....))..))))..))((..((..((....))((..((((..((....((..((((....))....))..))))..))....))..))))..))..))..))((..((....((..((((..((....((....))))..))....))..))))..))))..))..)..),CAAGGAGACAAAAACGAAAACGGGCUAGGAAACUAAAAAGAACGCGCAUUAAACUGGAUCCUAGAUGGGGGACUGGGACGAAAAUGAAGCAGGAGGAAAACCGAAAGGCCGACUAAAAGCGACACGGACCGCAGGGAAUGGAAACAGGGAUCAGGAGGAAAUCGGACUUGGAAACAUAAUAGGACGCCGACUAAAAGAGACCCCAGGCAAAGGACCGGGAGUAGAAGGGACAAGGACGAAAAGCGAAAGCCGGACUAAAAUGGACCACGACCAUAGAGAACGGG
80,(....(((((...(((((...(((((....(((((...(((((...(((((..(((((....(((((...(((((...(((((..(((((...(((((...(((((..(((((...(((((..(((((..(((((..(((((..(((((.(((((.((((((((((.....))))).....))))).....))))).....))))).....))))).....))))).....))))).....))))).....))))).....))))).....))))).....))))).....))))).....))))).....))))).....))))).....))))).....))))).....))))).....))))).....))))).....))))).....).....,AGAAGUCUCAAAGGGCUAGAGACCGCAAAGCUUGAAAAGCCCAUAGGUUCUGAUAAAAGAGGGGCCAGAGCAACAAAACGGCGGACCAUCAAGCCACCGAUCCGCUGGCGGGCUAAGAUGGGAAGGUAGGCCCGGGGAGCCGGGGCGGGGUACCCAGAUUCCACCCGAAGAGGGUGCAAACGAAUUGAAAGGGGUGGAAAACCCGCACAAACGGCUAAAAACCGGGAAAAUUACCUGAAAACCAUCGAAAUGCCUGAAAAAAGCGGUAAAAGGUGGAAAAAGAUGGAAAAACGCCGGAAAGUGUUGAGAAAUGGCCAAAAAUUUUAGAAGAAGAACGAAAUUGGGCGAAAGUCGAGAAAAGGCGGUAAAAAUAGCCAAAAGUGAGAGAAAAUAAAAA
81,....((((..(((((..((((..((((.....))))((((((...))).)))))))((((((.((.((.(((((....)).)))))))(((((.((.((.((....))))))((((.(((....)).)).)))..)).)))))).))))))))(((.(((.(((.((((....))))))))))((((((((...))).)).))).))))))),AAGAUGAGAGGCCCCAAAGCCUUCCGAGAAAAUCGGGCCGGCAAAGCCAGGCGGCUGACAGCAGAUGGACCCCCGAAAGGAGGGCCUCCACCCAGGACCACAGAAAUGGGCCCAACAGACAAAAGUACGAUUGAAGGAGUGGCUAGUCGGGGCGGCACGUACAGAUUCAGAAAUGGACUGACGGGACUAAGAAACUUGAGAUCCAGCCCUCA
86,.......((((.((((.(((.(((....))).(((.(((....))).(((.(((....))).(((.(((....))).(((.......))).))).))).))).))).(...).)))).((((...((.(((...((...))........))).(((.(((....)))(((....)))(((....)))))).))...((((.(...).(((.(((.(((.(((.(((....(((....))).))).(((....))).))).(((....))).))).(((....))).))).((((((....)))(((....))).(((....)))))).))).))))...)))).)))).......,ACUAAAUGGUGAGCAGACCCAGUGGAAACACACGCAGCCGAAAGGUACCCAUCCGAGAGGAAGUCAGGCGAAAGCUAACGGAAAGAACGUAGACAGGGAGCGAGGGACAAAGACUGCAAGGGAAAGUACACAAGACAAAGUAAAAAAAGGUGAGGCAGGGGAAACCCCGGGAAACCGGUCGAAAGACGCCAGCAAACCGCAGAAACAGCCACCCAGCGAGACAGACAAAAGCGGAUACGUAGUCGACGGAAACGUAGUCAGGGGAAACCCACGCAAUCGAAAGAUAGGGAGUCGGUGAAAACCAGAGAAAUCUACUCAAAAGAGGACAGGCAGCGGAACCCCUACACCGAAAAAA
87,....((((((((....((..(...................)..((...((....))...((....))........))......))))))))))....,AACGCUCUACGGCAACGGGAGGAAAAAAAACAAAAAAAAACACGCAAAGGGAAACCACCGGGAAACCUAAAACACGCGAAAAACCCCGUAGGGAAAA
88,....((((((((.(....)).).).)))))....,AAAAUGAGCCCCACGAAAGGAGAGUGCUCACAAA
90,(....)..(....(...(..(.(..(...(((.(((...((((....)))).(((((..(.(((..(.((((..(.((((..(.((((((((.((((((.(((((.((((.((((..((((...)))).))).)))))).))))).)))))).)))))))..).))))..).))))..).)))..).))))).)))...(((.(((((.(..(((.(..((((.(..((((.(..(((((((.((((((.(((((.((((((.(((.((((((....))))))..)))).)))).))))).)))))).)))))))).)..)))).)..)))).)..))).)..))))).((((....))))...))).)))...)..).)..)...)....)..(....),CGAUAGGUCAAAACGAAGAGGGGAACGAAUUCAGGCAAACUCAAAAAUGAGAUCGUCGGGGACGAGCAACUAGAUGUUUGGGCAGAUUCUGGUGCUUCCAUGGCCAUGCGUCAGCGCGUCGGAACGACAGCUCGUGCGGCGCCGGUGAAGCCAUAGAAUCAGGAUAAGAAAAUAGUGAGGCGUAUUAGACGAAGCCAAACCCAAGCAUGCGAGGCGCGAUGUGAGGAGGUCGCGAUGCCGAGUCCCUCGUCCUCGCGGCCGGCGUUGCCGUUUGAAAAAACGGAAAACCAUGGUACCGAGAGUGAGGUGUUCGGCGAGAGGACCACGAUACGAGAGGCCAGAAAUGCUAGCCGGAAACGGCACAGGGAGAAGAAGGGCGCAGCGAAGGAAGGAACGAAAG
91,((..(((((........(.((..((.(.....(....).((((((((.........((......((((.....))))......))...((..((.......(..(......)..)..((..((.....(....).((((.....(((.....(..((.(...).))..).....))).((((...(.......(..(.((...)).)..).......)...))))........)))).....((((((...)))))).))..))...........))..)).........(..((....)((((((.....(........).....))))))..)..)...))))))))........).))..)).).....(.......).)))))..)).,GGGAGACCCAAAAAAAAGGGCAACUGCAAAAAGGAGACAGCACCCCGAAAAAAGACUGGAAAAAGGGCGAAAAGCUCGAAAAACACGACCAACGGAAAACAGGACGAAAGAGAACAAGCAAGCCAAAGGGAAACAGACUAAAAACGCGAAAGCGACUGCAAAGGGGGAGAAAAAGCGACCCUGAACGAAAAAGGGGCGAAAAAUUGGAACAAAAAAAGGAGGGGGGAAAGGAAAGUCAAAGACACUCGAAACGAGUGAGCGGGCAAAAAAAAAAACGGGGGAUGAAUAACGGACGGAAACGCGGCGGAAAGCGAAAAAAAGAAAAACGUCGUACGGACUACUGGGGUGCAAAAAAAAGGAGGGGCGCAAAAAGGAAAAAACAGGGUCCACUA
92,.......((.((.((...)).((...))...)))).((.((.((...)).((...))...)))).((.((.((...)).((...))...)))).......,AAAAAACGUACCGAUAAAAUAAUAAAGUAAAGGACAGGAGGACCAAAGGACGAAACGAAACCCCAGGAGCAGGACACCAGCAAAGCUAAGCCCAUAAAAA
96,(..(..(....)..(((..(.(.(((...)))..)..)..)))..(..(....)..).(..(....)..).....(....)..)..)..(..(..(....)..(((..(.(.(((...)))..)..)..)))..(..(....)..).(..(....)..).....(....)..)..)..((..(..(....)..(((..(.(.(((...)))..)..)..)))..(..(....)..).(..(....)..).....(....)..)..))..((..(..(....)..(((..(.(.(((...)))..)..)..)))..(..(....)..).(..(....)..).....(....)..)..)),AAGGGAAGGAAUAAGGCGACACACGCAUAGCGGAGGAGAAGCCAAGGACGAAAGGACAGGAGGAAACGACAGAAAGGAGAUAACAGUAAAGACAAGGAAACAAACGGAGACAGCGAAACGCAGGGACGACGUGAGGGGGAAACAACAGGGCGAAAGAACAAAACGGAAACAUGGAUAAGCGACAACGGAAGAGGCGGACACAGUGAAACACAGGAGGGACGCAAGGGCGAAAGAACAGGAGGAAACGACGAAAAGGAAACAAGGAGCAAGCAACAAGGUAACAAAGGGACAGGAUGAAACAUGACGAGGACCUAACGACGAAAGGAGAGGGGGAAACAACAAAAAGGAAACAAGGAGC
97,..(.((..(((((....(((((......))))))))))((((...((((.....))))))))(((..(((....)))))).(((...((((...((((......))))))))(((..(((.....))))))((.((....)))).((((....(((..(((......))))))((.((.....))))(((....))).(((((.....((.((......))))(((.....)))((....)).((((((......(((......)))((.....))...(((((((...))))))).......))))))......))))).....))))....)))...))..)...(.((.((((....((....))((....))((((((...)))))).)))))).),CGGAGCAAAGGGCGAAACCCUCGAAAAAGAGGGGCCCUCAUGAUUCUCAGAAAAUGGGCAUGGUCAGCCAAAAAUGGGACAGCGAAAUGCCAAAGGCGGAAAAACGCCGGCAGGCGAUAGGAAAACUAGCCCUAGUGAAAACAGAGGCCAAAGGGAUCGUUGAAAAAAACUCCGGCACGAACAGUUCUCGAAAACGAACGGGCAAAAUGAUAGGAAAAACUUCCCAGAAAAUGGACGAAAGUACCAACCAAAAAUGCUGAAAAAAGCCCGAAGAGGUAAGCCGAAUAAAAUUCGGCAAAAAAAGGUUGGAAAAAAGCCCGAAAAAGGCCAAAACGCAAAGCAGUAAACGCGACCGCAAAAGGGAAACCCGGAAACGACUUCGAAACGAAGUAGCGGCGGG
99,(((((((((((((((((...(.(..((.(((.(((.((....).))).)))).).)..))..))))))).(((((..(.(..((.(((.(((((.(((.((((.((....).)))).))))).))).)))).).)..))..)(....)..))))(((((((((...))))).(((((...)))))(.(....).).)))).)))).((((.((((...(((((((...))))))).(((((...)))))))))(((((((...))))))).(((((...)))))))))((((..(....)(..(..(..(.(.(((.((((.((....).)))).)))).)..)..).)..))))).)))))).,GCCCAGUCUGAAGUUACAAGGAGGGAAGUGCGGCGAUGGACACGACGACGCAGUAUAAUCAAGUAACUUAGCCUGGAACUGGAAGAAGACUCAGUCGUACCUACUGGAAACAAUAGUGACGCUUGACGCUUGUAUGAAUGACCGAAAGGGAGGCAGCGCGAUGAAACAUCGACUUUCAAAGAGAGGGGGAAACGCACGCUACAGAAACCGAGGGCAAAAGGACGCAGAGCGUCCUGGUCAUAAAAUGACGCCCAGCCUCGAAGCGAGGCUAGGUACAAAGUACCCGGUGCGCAUCGACAGGGACGAGGACACGGCCUACAAUGAGAAAUACUUGAUGGCGGAGGGACAGGACGCGCUCUGGGCA
100,......((.......((.((.......((.((...............)).........((...............)).)).......)).((.......((...............)).......)).((.......((.((...............)).........((...............)).)).......)).((.......((...............)).......)).((.......((.((...............)).........((...............)).)).......)).((.......((............((...............)).)).......)).)).......))......,CAAAAACUAAAAAUAGCAGCGAGAAAACCACCGAAGAAAGAAAAAAAGGAAGAAAAAAGGGAAAUAAAAAAAAAACCAGGGAAAAGAGCAGAGAAAAAAGCGACAAAAAAAAAAAAGCGAAGAAAUCAGGGGAAAGAGGAGGGAAAAAAAGAAAACACCGAAAAAAAAGCGAACAAAAAAAAAAAGCACCGAAAAAACCAGCAAAAAAACCGAAAGAAAAAAAAAAGGAACCAAAGCACCAAAAAAACCAGGGAAAAAGAAAAAAAACCAAAAAAAAAGCGAAAAAAAAAAAAAAGCAGGGAAAAAGGGAGGGAAAAAAGGAAACAAUAAAAGCCAGACAGAAAAAAGAAGGACCGAAAAAACCAGCGAAAGAGAGGAAAAA